Model, M1T1, M1T16, M2T16, M8T16, M16T16, M32T16, Sylvan1, Sylvan8, Sylvan16
adding1, 0.677665333333333, 0.108838, 0.167702, 0.164700666666667, 0.169067, 0.212749333333333, 0.5493268, 0.1147144, 0.0931816
adding2, 61.0722006666667, 6.715768, 12.8817663333333, 5.74596366666667, 3.80878833333333, 2.66940466666667, 18.7933688, 2.8702506, 1.5744398
adding3, 170.053715666667, 16.5087403333333, 33.0301116666667, 13.5359573333333, 8.23712733333333, 5.586338, 51.6001766, 7.6892834, 4.370733
adding4, 500.689439333333, 44.6448146666667, 95.5924603333333, 37.424324, 21.6831013333333, 13.6545176666667, 123.0684742, 18.1865832, 10.2915722
adding5, 1005.05852833333, 82.0315273333333, 175.271635, 66.6123463333333, 37.4684533333333, 23.094269, 230.5922702, 34.5894174, 19.3526264
adding6, 1849.40402033333, 139.062970666667, 291.935906333333, 108.593083333333, 60.1849023333333, 36.1860833333333, 405.651114, 61.971008, 33.7374458
anderson1, 4.622349, 1.648381, 3.71532566666667, 4.937607, 5.81662466666667, 7.008075, 0.9527014, 0.2805398, 0.265778
anderson2, 0.267928, 0.0766636666666667, 0.145934, 0.182914, 0.198954, 0.238283666666667, 0.5185406, 0.1078666, 0.091236
anderson3, -, -, -, 148.542987333333, 115.267243666667, 111.363090333333, 192.2165064, 29.2271866, 17.7362262
anderson4, 1.56881533333333, 0.370461, 0.591709666666667, 0.551349333333333, 0.5583115, 0.636957333333333, 0.535802, 0.1059702, 0.0857658
anderson6, 40.613572, 5.886804, 14.5324203333333, 9.27456966666667, 7.29892, 6.32869066666667, 10.099527, 1.5603626, 0.9638954
anderson8, 274.566571333333, 28.7258133333333, 75.3041866666667, 42.368958, 30.6423853333333, 24.319623, 61.701192, 9.7358086, 5.8999124
at1, 2.534414, 0.52269, 0.835528666666667, 0.666307666666667, 0.628550666666667, 0.680672666666667, 0.564327, 0.1228176, 0.0991674
at2, 2.96946966666667, 0.624626, 1.02047566666667, 0.818491, 0.859665, 0.833766, 0.646037, 0.139884, 0.1041086
at3, 18.9087926666667, 3.266724, 6.55874166666667, 3.92182333333333, 3.07369366666667, 2.58395633333333, 4.8995978, 0.701516, 0.4346554
at4, 40.9295053333333, 5.65716066666667, 12.384295, 6.69539566666667, 4.78007866666667, 3.62820633333333, 9.4419972, 1.4191592, 0.8542776
at5, 106.702263666667, 12.0341056666667, 28.3329006666667, 14.5595653333333, 9.84181633333333, 7.20012266666667, 25.4199324, 3.7805062, 2.1962084
at6, -, -, 97.3661263333333, 47.098457, 30.8328313333333, 21.8291506666667, 100.821472, 15.197469, 8.9477004
at7, -, -, 120.177083666667, 55.7334573333333, 35.581601, 24.8239513333333, 130.7929678, 20.1153236, 11.8286688
bakery1, 0.00835033333333333, 0.00199966666666667, 0.00398, 0.004643, 0.005605, 0.00868833333333333, 0.4518714, 0.1109184, 0.1003
bakery2, 0.00583333333333333, 0.00145566666666667, 0.00266666666666667, 0.00353, 0.00407733333333333, 0.00677033333333333, 0.4999838, 0.1289872, 0.115517
bakery3, 0.0133983333333333, 0.00257666666666667, 0.00493733333333333, 0.005658, 0.00595266666666667, 0.008315, 0.555386, 0.126518, 0.099176
bakery4, 0.0198576666666667, 0.00391233333333333, 0.00691666666666667, 0.00723833333333333, 0.00607166666666667, 0.009451, 0.9177912, 0.195975, 0.1377858
bakery5, 0.113205333333333, 0.016636, 0.0281413333333333, 0.0199236666666667, 0.014102, 0.016276, 23.6135258, 3.5625302, 2.0886376
bakery6, 0.0575286666666667, 0.008448, 0.0149106666666667, 0.012223, 0.010821, 0.0116053333333333, 19.6881932, 2.9281342, 1.6978388
bakery7, 0.407543333333333, 0.056031, 0.0990303333333333, 0.054307, 0.0353453333333333, 0.04703, 131.8881482, 19.6252018, 11.490663
bakery8, 0.287577, 0.043567, 0.0745383333333333, 0.0425656666666667, 0.028232, 0.027382, 255.289506, 38.8470868, 22.7858114
blocks2, 2.45417233333333, 0.403065666666667, 0.522337, 0.345853666666667, 0.297849, 0.321215333333333, 0.4990882, 0.0838328, 0.0602328
blocks3, 46.928684, 5.56919033333333, 8.914379, 4.31159466666667, 2.861475, 2.054878, 12.163887, 1.7810056, 0.9902932
blocks4, -, -, -, 174.112044333333, 104.399412666667, 67.1061253333333, 963.3302744, 143.1728662, 79.5121786
bopdp1, 2.24591666666667, 0.588953, 1.04275533333333, 1.14845133333333, 1.29046066666667, 1.385626, 0.3553314, 0.0663266, 0.04964
bopdp2, 3.41068966666667, 0.895882, 1.650017, 1.699793, 1.79573666666667, 2.07008466666667, 0.525808, 0.1049972, 0.0778628
bopdp3, 6.393666, 1.56452466666667, 2.91012433333333, 2.54774333333333, 2.55320666666667, 2.82850033333333, 1.1533312, 0.1968492, 0.1357378
bridge1, 0.014003, 0.00229733333333333, 0.004075, 0.004611, 0.00467433333333333, 0.006546, 0.2664898, 0.0514216, 0.0417716
bridge2, 0.036618, 0.00596066666666667, 0.010673, 0.0104553333333333, 0.008024, 0.0102983333333333, 0.7284326, 0.117115, 0.0761826
bridge3, 0.0625276666666667, 0.00974733333333333, 0.0187676666666667, 0.0149346666666667, 0.0128553333333333, 0.016875, 2.275868, 0.3310048, 0.1968938
brp1, 1.720303, 0.410242333333333, 0.698249666666667, 0.728830666666667, 0.810406666666667, 0.84966, 0.5260432, 0.1164378, 0.0907152
brp21, 4.23260366666667, 1.02493033333333, 1.82858966666667, 1.88822933333333, 1.96374066666667, 2.26420466666667, 0.7698668, 0.1531754, 0.1129932
brp22, 5.089367, 1.18665633333333, 2.10706066666667, 2.007611, 2.044509, 2.30994166666667, 1.0424862, 0.194277, 0.1382528
brp23, 3.68890333333333, 0.879998, 1.54175566666667, 1.57895366666667, 1.638973, 1.88238866666667, 0.6758856, 0.135024, 0.1039686
brp24, 15.3115843333333, 2.91179566666667, 6.089159, 4.96197066666667, 4.742169, 5.28440133333333, 3.7619748, 0.579859, 0.3669316
brp25, 14.205694, 2.79373833333333, 5.646962, 4.58573966666667, 4.41770833333333, 4.95018033333333, 3.2883108, 0.5362862, 0.3439058
brp26, 86.7491413333333, 10.2024586666667, 25.8162116666667, 16.2404923333333, 13.4745583333333, 13.1094946666667, 21.5809256, 3.2507682, 1.943804
brp2, 2.24799, 0.546624333333333, 0.909057, 0.905132, 0.941719, 1.03625566666667, 0.6152966, 0.1330116, 0.1077542
brp3, 10.2634063333333, 2.39958433333333, 4.907639, 3.81633233333333, 3.663473, 4.00372966666667, 2.3598638, 0.4318726, 0.2967996
brp4, 36.5838963333333, 5.91394566666667, 15.4556626666667, 10.7039626666667, 9.57902566666667, 10.1896943333333, 8.8633638, 1.5125154, 0.9752698
brp5, 45.7728463333333, 7.086206, 19.1258956666667, 12.9466393333333, 11.472137, 12.2760876666667, 11.135463, 1.9314804, 1.2304904
brp6, 70.9464286666667, 9.748174, 27.2424153333333, 17.246166, 14.5553706666667, 15.0668536666667, 17.2450894, 2.8900368, 1.8239994
cambridge1, 5.57226533333333, 1.32792733333333, 2.44495566666667, 2.45790066666667, 2.55507033333333, 2.93452766666667, 0.8826182, 0.1533692, 0.1127386
cambridge2, 5.87047133333333, 1.456358, 2.764549, 2.76656366666667, 2.861496, 3.28098866666667, 0.9704112, 0.1533008, 0.1055538
cambridge3, 6.20857533333333, 1.419834, 2.50938666666667, 2.31417933333333, 2.35796833333333, 2.63576766666667, 1.0091208, 0.1699814, 0.120868
cambridge4, 20.1789146666667, 3.466218, 7.12459966666667, 6.00666833333333, 5.83269033333333, 6.36092266666667, 4.3514716, 0.6833054, 0.4235152
cambridge5, 102.057372666667, 11.2737043333333, 27.013207, 18.7043446666667, 16.5061783333333, 16.92932, 23.2407292, 3.4860108, 2.1058592
cambridge6, -, -, 188.219594, 86.4344526666667, 60.355923, 49.609309, 229.4660874, 33.6047768, 19.357458
collision1, 1.46691966666667, 0.375060666666667, 0.677412333333333, 0.77932, 0.834394333333333, 0.936649, 0.32628, 0.0818728, 0.0703682
collision2, 2.094173, 0.523920333333333, 0.919364666666667, 0.960254, 1.00131833333333, 1.111914, 0.4282886, 0.099212, 0.0843944
collision3, 23.4258693333333, 3.85780066666667, 8.28056233333333, 5.47640833333333, 4.41007866666667, 4.11224433333333, 5.6019454, 0.8570862, 0.5111674
collision4, -, -, -, 108.096072, 69.443599, 49.4105536666667, 276.040121, 41.5770008, 23.6762508
collision5, -, -, -, 182.389518, 114.233099666667, 80.1822926666667, 505.3093452, 78.07731, 44.974939
cyclicscheduler1, 0.316923666666667, 0.101824, 0.222253, 0.312923, 0.342775666666667, 0.397074333333333, 0.3574374, 0.0850908, 0.0738084
cyclicscheduler2, 0.169525666666667, 0.0669153333333333, 0.137431333333333, 0.189811666666667, 0.20989, 0.249503333333333, 0.478304, 0.1316144, 0.1291206
cyclicscheduler3, 1.08537166666667, 0.357884333333333, 0.781997333333333, 0.991279666666667, 1.09045, 1.240453, 0.253066, 0.0705402, 0.061168
cyclicscheduler4, 0.868495333333333, 0.302809666666667, 0.588655666666667, 0.736376666666667, 0.791577333333333, 0.891454333333333, 0.3935562, 0.1000238, 0.0889042
drivingphils1, 5.33959166666667, 1.64472533333333, 3.528506, 4.401864, 4.84858366666667, 5.78475866666667, 0.8579594, 0.1727198, 0.1373956
drivingphils2, 4.54553066666667, 1.37827233333333, 2.98844066666667, 3.624999, 3.955596, 4.67386333333333, 0.6338798, 0.1417368, 0.118318
drivingphils4, -, -, -, -, 347.243600666667, 229.714234333333, 2637.9617182, 389.8001136, 223.0894434
elevator1, 0.0107126666666667, 0.00223566666666667, 0.00426733333333333, 0.004714, 0.00567633333333333, 0.007983, 0.4726902, 0.0950534, 0.071409
elevator21, 0.0197566666666667, 0.00534466666666667, 0.009737, 0.0119633333333333, 0.0137806666666667, 0.0195453333333333, 0.183934, 0.0639654, 0.0638708
elevator22, 0.010652, 0.002127, 0.003924, 0.00601366666666667, 0.00704766666666667, 0.010913, 0.3730778, 0.0881474, 0.070999
elevator23, 0.075353, 0.012584, 0.0240113333333333, 0.0263113333333333, 0.0306183333333333, 0.0341503333333333, 0.8122548, 0.1387668, 0.0925614
elevator2, 0.00593966666666667, 0.00133866666666667, 0.00230033333333333, 0.00315433333333333, 0.00377633333333333, 0.006417, 0.435504, 0.0912304, 0.0753234
elevator3, 0.025098, 0.00536466666666667, 0.00916866666666667, 0.008993, 0.00826233333333333, 0.0110623333333333, 7.7361032, 1.1065312, 0.626737
elevator4, 0.0200396666666667, 0.00395933333333333, 0.00735933333333333, 0.00811866666666667, 0.00834733333333333, 0.0103703333333333, 8.0123424, 1.198885, 0.7077732
elevatorplanning1, 0.736166666666667, 0.157310666666667, 0.271295333333333, 0.288337, 0.296740666666667, 0.367255666666667, 0.1948, 0.065082, 0.0643916
elevatorplanning2, 132.332072333333, 13.615345, 34.7592783333333, 18.0934286666667, 11.9144673333333, 8.51622, 30.7929968, 4.5938464, 2.6631018
elevatorplanning3, 1.29317, 0.228751666666667, 0.355037, 0.271249666666667, 0.253528, 0.284215666666667, 0.2591806, 0.0670526, 0.0640404
exit1, 0.011271, 0.00194, 0.003848, 0.00387866666666667, 0.004077, 0.00640166666666667, 1.1060186, 0.2310522, 0.1588434
exit2, 1.03570366666667, 0.202901, 0.324798333333333, 0.293834666666667, 0.287745666666667, 0.319654666666667, 0.2237822, 0.0557546, 0.0493644
exit3, 11.5734896666667, 2.119825, 3.77825566666667, 2.06044833333333, 1.522456, 1.26056366666667, 2.4626574, 0.377465, 0.2273198
exit4, -, -, -, 70.170688, 43.8441433333333, 30.0203236666667, 175.783022, 26.5685722, 15.1527968
exit5, 4.74256266666667, 0.985401, 1.56322, 0.97683, 0.798396666666667, 0.752971666666667, 0.7930624, 0.1234094, 0.0848068
extinction1, 3.00007533333333, 0.949924666666667, 1.92705733333333, 2.407307, 2.642299, 3.15356966666667, 0.3472802, 0.0757294, 0.0642
extinction2, 4.34124333333333, 1.462448, 3.13284733333333, 3.97925933333333, 4.362682, 5.17131966666667, 0.5882184, 0.1237392, 0.1025618
extinction3, 42.8681306666667, 6.175997, 15.02471, 11.0691673333333, 10.057791, 10.543611, 11.4693148, 1.6936622, 1.0273058
extinction4, 30.504097, 5.093385, 12.5220313333333, 10.2553276666667, 9.858632, 10.7026973333333, 7.5249408, 1.2318366, 0.7987912
firewirelink1, 2.13215666666667, 0.702079666666667, 1.49299933333333, 2.055286, 2.27769233333333, 2.728947, 0.247585, 0.0588024, 0.0530128
firewirelink2, 11.573923, 2.83702966666667, 6.590758, 7.50603733333333, 8.161547, 9.89643866666667, 3.0621064, 0.474105, 0.321854
firewirelink3, -, -, -, 214.684335, 150.900514, 123.449776333333, 678.1059024, 108.0102528, 62.7907136
firewirelink4, 5.625217, 1.68910233333333, 3.78961733333333, 4.93796866666667, 5.491894, 6.63717133333333, 1.0957306, 0.2016588, 0.1555686
firewirelink5, 512.990007333333, -, 114.407969666667, 65.1661876666667, 51.7409666666667, 49.7564053333333, 145.2851434, 21.3027738, 12.4671492
firewirelink7, 24.2690536666667, 4.45250233333333, 10.3997496666667, 10.3262786666667, 10.806182, 12.7147786666667, 6.8371582, 1.0246442, 0.6476538
firewiretree1, 0.331112333333333, 0.132634333333333, 0.288009666666667, 0.392670333333333, 0.420622333333333, 0.480319666666667, 0.0166184, 0.0077332, 0.0131394
firewiretree2, 2.85384033333333, 0.794542666666667, 1.57106233333333, 1.86246333333333, 2.03547433333333, 2.40292333333333, 0.3799924, 0.0751492, 0.0588668
firewiretree3, 14.9172346666667, 3.36650566666667, 8.42735066666667, 8.79750533333333, 9.29293833333333, 11.07218, 3.9708028, 0.6608956, 0.4388232
firewiretree4, 26.6821673333333, 5.368368, 15.1434083333333, 15.960162, 16.965632, 20.901102, 7.1656104, 1.2330416, 0.8696694
firewiretree5, 196.383435333333, 27.0828006666667, 88.2202643333333, 79.806961, 80.0123166666667, 93.4149686666667, 52.8709294, 9.0790632, 6.1494616
fischer1, 0.181548666666667, 0.0537723333333333, 0.106860666666667, 0.139886333333333, 0.156787333333333, 0.185340333333333, 0.4230384, 0.1105758, 0.105561
fischer2, 1.68969933333333, 0.378923666666667, 0.607128, 0.571804666666667, 0.591602666666667, 0.673674, 0.4979694, 0.1147992, 0.1025124
fischer3, 12.798172, 2.56876166666667, 5.14236333333333, 3.24711966666667, 2.59621733333333, 2.36963433333333, 3.1983224, 0.4908056, 0.3125602
fischer4, 4.784256, 1.10215733333333, 1.762562, 1.16766433333333, 0.989286, 0.946277333333333, 0.9920416, 0.1698644, 0.1224818
fischer5, 57.6746136666667, 7.71730333333333, 19.0784433333333, 11.2084433333333, 8.35429133333333, 6.89061466666667, 13.1840584, 2.1121596, 1.2757302
fischer6, 9.18753633333333, 1.98009633333333, 3.523125, 2.17744233333333, 1.71623533333333, 1.49847466666667, 2.0500064, 0.3240184, 0.2102558
fischer7, 107.510428666667, 12.785073, 32.5860386666667, 18.2647933333333, 13.2569866666667, 10.6560126666667, 22.4306464, 3.6542076, 2.140335
frogs1, 1.034982, 0.337184, 0.646409666666667, 0.813221333333333, 0.876485, 1.00571333333333, 0.3112694, 0.1026116, 0.0915982
frogs2, 1.64072366666667, 0.300198666666667, 0.439587333333333, 0.326329333333333, 0.305311333333333, 0.350265333333333, 0.4567934, 0.0981582, 0.08495
frogs3, 17.085076, 3.24654533333333, 6.51794633333333, 5.53005566666667, 5.88502566666667, 6.94714466666667, 2.7245386, 0.504825, 0.3596898
gear1, 2.17073666666667, 0.749076, 1.49361133333333, 1.991954, 2.199174, 2.67341533333333, 0.323453, 0.0734306, 0.0631154
gear2, 6.02421733333333, 2.54974866666667, 6.53289066666667, 9.78473566666667, 10.9161696666667, 13.608459, 1.3017514, 0.3249766, 0.2752718
hanoi1, 5.71323166666667, 1.51815766666667, 3.27493466666667, 4.22037166666667, 4.55647066666667, 5.41107933333333, 1.078073, 0.2515854, 0.2281742
iprotocol1, 0.624757666666667, 0.169468, 0.326313, 0.408947333333333, 0.442930666666667, 0.523635, 0.4004102, 0.0986582, 0.0842078
iprotocol2, 1.547845, 0.424545666666667, 0.778627, 0.894430333333333, 0.964436, 1.09430866666667, 0.4392786, 0.1077068, 0.0875574
iprotocol3, 12.2632563333333, 2.53710833333333, 4.98980166666667, 3.549606, 3.31017833333333, 3.570099, 2.4668158, 0.4510704, 0.2817864
iprotocol4, 44.8133686666667, 6.280244, 14.3506623333333, 8.073999, 6.772854, 6.564508, 11.2216154, 1.7640242, 1.0474538
iprotocol6, 233.943515333333, 26.6444053333333, 60.1880776666667, 24.2903476666667, 19.484593, 18.6686106666667, 56.4814322, 8.851538, 5.2088398
iprotocol7, -, -, 121.762571, 49.5524996666667, 34.346653, 27.9123696666667, 145.9065836, 22.240371, 13.018931
krebs1, 1.701464, 0.386267666666667, 0.631465, 0.636098666666667, 0.674192666666667, 0.752001, 0.447619, 0.098749, 0.0804486
krebs2, 7.99602533333333, 1.67783366666667, 2.98148766666667, 1.96067933333333, 1.71582233333333, 1.70011533333333, 1.7416972, 0.2908438, 0.1941774
krebs3, 26.288353, 4.04040933333333, 8.61614433333333, 4.84132833333333, 3.74514, 3.28683133333333, 6.1723886, 0.9335906, 0.5501092
krebs4, 65.1470586666667, 7.82300833333333, 18.9100426666667, 9.97160633333333, 7.14674266666667, 5.89991266666667, 14.502989, 2.2483758, 1.3191326
lamport1, 2.873802, 0.631558666666667, 1.02758433333333, 0.883878, 0.875015666666667, 0.938449, 0.5733168, 0.1240716, 0.0925372
lamport2, 6.34901266666667, 1.37100233333333, 2.33310266666667, 1.71905266666667, 1.49028233333333, 1.49638433333333, 1.169782, 0.211375, 0.1466788
lamport3, 3.20851766666667, 0.696681666666667, 1.14560066666667, 1.019423, 1.00635133333333, 1.09829333333333, 0.5328396, 0.119879, 0.0904328
lamport5, 19.281026, 3.386133, 6.814507, 3.91639033333333, 3.05567166666667, 2.733466, 4.3555352, 0.6827784, 0.4208308
lamport6, 228.513068333333, 23.7452276666667, 55.5240686666667, 27.2676543333333, 18.2443526666667, 13.6629976666667, 58.1322804, 8.6904972, 5.0825338
lamport7, 280.597618, 28.8893073333333, 67.0965913333333, 31.8970316666667, 21.140491, 15.7459233333333, 68.5683282, 10.3868672, 6.1340238
lamport8, 293.597808666667, 30.4294203333333, 71.2397153333333, 33.752108, 23.1246176666667, 17.8289973333333, 70.1222722, 10.5577388, 6.2694368
lamportnonatomic1, 0.0128123333333333, 0.00314266666666667, 0.006541, 0.008897, 0.00938166666666667, 0.0117406666666667, 0.339902, 0.0680998, 0.0566266
lamportnonatomic2, 0.0143473333333333, 0.00325233333333333, 0.00684166666666667, 0.009149, 0.00982266666666667, 0.0122646666666667, 0.3286214, 0.0684286, 0.0594846
lamportnonatomic3, 0.014661, 0.00316933333333333, 0.00547266666666667, 0.00931333333333333, 0.00966266666666667, 0.0119613333333333, 0.369783, 0.0806834, 0.0674534
lamportnonatomic4, 0.0251296666666667, 0.00441866666666667, 0.00991233333333333, 0.011489, 0.0129873333333333, 0.0137176666666667, 0.9867534, 0.1588742, 0.108278
lamportnonatomic5, 0.039812, 0.00575166666666667, 0.0122613333333333, 0.015195, 0.0163416666666667, 0.0184746666666667, 7.5253892, 1.093932, 0.6561464
lann1, 3.591039, 0.846739, 1.530202, 1.53451166666667, 1.60093366666667, 1.83563866666667, 0.6442218, 0.1342174, 0.1028152
lann2, 2.06713833333333, 0.521059, 0.927712666666667, 0.989076666666667, 1.04216633333333, 1.19495533333333, 0.268916, 0.0548944, 0.0435556
lann3, 17.1581373333333, 3.34051233333333, 7.631671, 5.78637633333333, 5.52077866666667, 6.02992866666667, 3.4126006, 0.5755346, 0.3703082
lann4, 61.2982703333333, 7.52772266666667, 17.1648623333333, 9.37863166666667, 7.13128666666667, 6.39738733333333, 15.1578294, 2.2542162, 1.3322744
lann5, 13.6728346666667, 2.686034, 5.51242366666667, 3.95303, 3.664808, 3.87919033333333, 2.814797, 0.43441, 0.2749128
lann6, -, -, -, 105.907372666667, 67.6043313333333, 48.353556, 333.79406, 50.0448678, 29.1247574
lann7, 232.440479666667, 25.0787863333333, 63.167664, 33.3518286666667, 25.281916, 23.020989, 53.924033, 8.358936, 5.1024262
leaderelection1, 5.676228, 1.54380766666667, 3.484752, 4.20050333333333, 4.54363033333333, 5.457697, 0.9344964, 0.1650902, 0.1255962
leaderelection2, 14.220401, 3.357075, 8.95170866666667, 11.231035, 12.380204, 15.219378, 3.2667346, 0.6176158, 0.4280006
leaderelection3, 13.7374696666667, 3.21652433333333, 8.47475666666667, 9.890412, 10.5308983333333, 12.544743, 3.113101, 0.5407984, 0.3728968
leaderelection4, 30.9569933333333, 5.181414, 14.4688683333333, 14.953905, 15.64572, 18.798532, 7.8126256, 1.194898, 0.8128898
leaderelection5, 71.800897, 9.892406, 29.46067, 28.1086326666667, 28.4211723333333, 33.539383, 18.0070262, 2.8536192, 1.8525696
leaderelection6, 196.803, 23.2620796666667, 66.9990876666667, 55.8842293333333, 53.0559143333333, 60.3739833333333, 50.90463, 8.0141808, 5.123203
leaderfilters1, 0.019158, 0.004874, 0.0108053333333333, 0.0127653333333333, 0.0128433333333333, 0.0171583333333333, 0.4022392, 0.0808148, 0.0643218
leaderfilters2, 0.0129153333333333, 0.003387, 0.00762066666666667, 0.0100956666666667, 0.011369, 0.018248, 0.4138716, 0.0915584, 0.0760034
leaderfilters3, 0.0242743333333333, 0.00489266666666667, 0.011065, 0.0134133333333333, 0.0151533333333333, 0.0230773333333333, 0.8621034, 0.1549944, 0.1128574
leaderfilters4, 0.0119926666666667, 0.00209, 0.00435466666666667, 0.00621066666666667, 0.00656633333333333, 0.0108423333333333, 0.4767726, 0.1078294, 0.0769972
leaderfilters5, 0.076289, 0.017602, 0.0458363333333333, 0.041102, 0.031461, 0.0380493333333333, 6.1240774, 0.9569404, 0.5749484
leaderfilters6, 0.231043333333333, 0.0494906666666667, 0.112344, 0.076265, 0.077946, 0.066538, 66.2558478, 9.8184388, 5.6265308
leaderfilters7, 0.0781176666666667, 0.0193166666666667, 0.045846, 0.03605, 0.030849, 0.0379776666666667, 24.8414678, 3.943864, 2.3311534
lifts1, 0.0280553333333333, 0.00475233333333333, 0.00996466666666667, 0.0141353333333333, 0.013835, 0.0191773333333333, 0.2618544, 0.048678, 0.0377254
lifts2, 1.825897, 0.426040333333333, 0.744636666666667, 0.808478666666667, 0.848819333333333, 0.967239666666667, 0.2509076, 0.047666, 0.0374554
lifts3, 0.064611, 0.00886633333333333, 0.0192416666666667, 0.0210006666666667, 0.01915, 0.021127, 2.6217088, 0.4000196, 0.2529432
lifts4, 0.064318, 0.008442, 0.0168366666666667, 0.020025, 0.0202736666666667, 0.0193576666666667, 5.470172, 0.8008796, 0.4704668
lifts5, 32.068672, 4.681877, 9.797253, 6.693014, 5.82182, 5.80722733333333, 8.8803542, 1.2808962, 0.7635824
lifts6, 0.104967666666667, 0.0123166666666667, 0.0286086666666667, 0.0299866666666667, 0.0259866666666667, 0.0290856666666667, 20.8835636, 3.0113848, 1.7579766
lifts7, 0.105559666666667, 0.0135326666666667, 0.0299413333333333, 0.0305893333333333, 0.023895, 0.0994673333333333, 96.7215564, 13.7958572, 7.8284202
lifts8, -, -, -, 86.555058, 55.8496436666667, 43.740169, 301.957694, 43.5691452, 24.4082296
loyd1, 0.11368, 0.046945, 0.089443, 0.117046666666667, 0.127906333333333, 0.146324666666667, 0.464917, 0.1332878, 0.1263472
loyd2, 9.594161, 1.851262, 3.04887733333333, 1.63059033333333, 1.14169466666667, 0.925667333333333, 2.1469676, 0.3707958, 0.2506222
lup1, 0.0466476666666667, 0.0225226666666667, 0.0390193333333333, 0.050483, 0.056019, 0.0682966666666667, 0.566548, 0.1632474, 0.1492486
lup2, 0.676123, 0.153995, 0.270069666666667, 0.248671333333333, 0.251753333333333, 0.326143666666667, 0.4566096, 0.104833, 0.0884894
lup3, 0.858671, 0.220831, 0.403936333333333, 0.385876666666667, 0.393872333333333, 0.485082333333333, 0.4371124, 0.0999266, 0.084048
lup4, 1.390132, 0.34475, 0.603445666666667, 0.543491, 0.533993666666667, 0.621084666666667, 0.5263518, 0.1134206, 0.0926254
mcs1, 1.89032333333333, 0.422067333333333, 0.689312, 0.66939, 0.694167333333333, 0.778001, 0.3357672, 0.0728124, 0.0608512
mcs2, 0.578013666666667, 0.122091333333333, 0.21639, 0.243726333333333, 0.259701, 0.311806333333333, 0.2762202, 0.0671874, 0.0617506
mcs3, 23.9134276666667, 3.84278666666667, 7.73647766666667, 4.58983, 3.59650366666667, 3.26776033333333, 6.2277766, 0.868233, 0.5148064
mcs4, 1.26140966666667, 0.26497, 0.430734333333333, 0.386705666666667, 0.385966333333333, 0.437142666666667, 0.2295346, 0.0535458, 0.0427944
mcs5, -, -, -, 106.381652333333, 66.7731386666667, 46.579748, 367.1689296, 54.247768, 30.7859284
mcs6, 3.45146933333333, 0.743373666666667, 1.16765066666667, 0.809626, 0.738614333333333, 0.752655, 0.5218774, 0.0924148, 0.0656794
msmie1, 0.399441, 0.0878623333333333, 0.161010666666667, 0.182634333333333, 0.198038333333333, 0.235194333333333, 0.3405928, 0.0703362, 0.0588496
msmie2, 1.058155, 0.229516333333333, 0.431969, 0.465060333333333, 0.566463333333333, 0.588871333333333, 0.248005, 0.0517038, 0.0394874
msmie3, 1.91740566666667, 0.425019666666667, 0.745780333333333, 0.697602666666667, 0.693107333333333, 0.766508666666667, 0.302504, 0.0539464, 0.038576
msmie4, 7.94764066666667, 1.72086166666667, 3.41043233333333, 2.57321366666667, 2.19614866666667, 2.23276566666667, 1.6291408, 0.2630402, 0.1725508
needham1, 0.0228516666666667, 0.00437, 0.00956866666666667, 0.0122636666666667, 0.014222, 0.018674, 0.0937484, 0.0218106, 0.0202422
needham2, 0.045296, 0.00716133333333333, 0.0166273333333333, 0.0181933333333333, 0.0182113333333333, 0.022441, 0.431257, 0.068011, 0.0452138
needham3, 0.0585006666666667, 0.00812433333333333, 0.0163043333333333, 0.022041, 0.0216803333333333, 0.025539, 1.0575702, 0.1606998, 0.1008604
needham4, 0.0851503333333333, 0.0106023333333333, 0.0222506666666667, 0.022792, 0.0227596666666667, 0.031832, 5.402967, 0.8160498, 0.4867398
pegsolitaire1, 0.988516, 0.167968333333333, 0.236298, 0.156636333333333, 0.130593333333333, 0.133046333333333, 0.4857638, 0.0892428, 0.0711106
pegsolitaire5, 3.13493733333333, 0.566286, 0.924222333333333, 0.702139, 0.573416666666667, 0.539658666666667, 0.5523308, 0.0991852, 0.077727
peterson1, 0.00702833333333333, 0.00178533333333333, 0.003724, 0.004734, 0.00563866666666667, 0.00875466666666667, 0.4588168, 0.11252, 0.0941824
peterson2, 0.00644566666666667, 0.00166366666666667, 0.00332466666666667, 0.00470266666666667, 0.00595766666666667, 0.0107323333333333, 0.5145106, 0.1270464, 0.107404
peterson3, 0.00671066666666667, 0.00190866666666667, 0.00365966666666667, 0.00497633333333333, 0.00586866666666667, 0.011962, 0.565694, 0.1255516, 0.1035872
peterson4, 0.0173473333333333, 0.00335133333333333, 0.00720133333333333, 0.008144, 0.00873166666666667, 0.0108716666666667, 1.621933, 0.3053248, 0.2140614
peterson5, 0.01396, 0.00321833333333333, 0.00670866666666667, 0.008005, 0.00805533333333333, 0.011685, 4.5773942, 0.7632732, 0.484785
peterson6, 0.0142863333333333, 0.00294133333333333, 0.00641066666666667, 0.00808166666666667, 0.00747533333333333, 0.012887, 11.6175252, 1.8342794, 1.10636
peterson7, 0.0534946666666667, 0.008437, 0.017356, 0.014434, 0.012927, 0.0148243333333333, 36.9746264, 5.7145012, 3.394216
pgmprotocol1, 10.4226833333333, 3.37322066666667, 9.18447066666667, 12.714553, 14.6896133333333, 17.8159703333333, 2.8226322, 0.4703364, 0.3465704
pgmprotocol2, 15.708726, 4.222779, 12.385925, 16.804401, 19.357535, 23.6535576666667, 4.1063692, 0.7435926, 0.5212114
pgmprotocol3, 105.413429333333, 13.44174, 39.2657096666667, 39.505819, 41.6322893333333, 49.176741, 31.0790366, 4.6610896, 2.9258806
pgmprotocol4, 26.611593, 5.531377, 16.9651626666667, 21.4402233333333, 23.7892873333333, 29.5300933333333, 7.3389984, 1.2391848, 0.8412656
pgmprotocol5, 135.885352333333, 16.4842673333333, 45.653516, 40.4127926666667, 39.9092686666667, 45.3630646666667, 39.546818, 5.865191, 3.595792
pgmprotocol6, 282.493672, 30.1991133333333, 76.4389133333333, 53.3733106666667, 48.2339506666667, 51.4447766666667, 77.4207804, 11.5711886, 6.8951418
pgmprotocol7, 77.7772926666667, 10.678264, 30.9808383333333, 31.1832066666667, 33.041476, 38.97973, 22.0366884, 3.3680924, 2.1267462
pgmprotocol8, -, -, 138.457507, 88.6312443333333, 77.144365, 79.5282013333333, 166.2606722, 24.6873396, 14.507193
phils1, 0.00269166666666667, 0.000770666666666667, 0.001277, 0.00222133333333333, 0.00295633333333333, 0.00594333333333333, 0.5558864, 0.1325236, 0.115676
phils2, 0.005561, 0.001552, 0.00302, 0.00410666666666667, 0.005125, 0.008082, 0.5840122, 0.1236398, 0.1023702
phils3, 0.00417633333333333, 0.00138466666666667, 0.00212566666666667, 0.00311566666666667, 0.00414566666666667, 0.00673933333333333, 0.6716746, 0.1357416, 0.11335
phils4, 0.0137723333333333, 0.00316933333333333, 0.005769, 0.00744533333333333, 0.00928866666666667, 0.012417, 0.5499798, 0.1074642, 0.0845432
phils5, 0.0133313333333333, 0.00260166666666667, 0.00476066666666667, 0.005755, 0.006711, 0.010211, 0.5859014, 0.1083496, 0.0895154
phils6, 0.016993, 0.00301966666666667, 0.00552633333333333, 0.00737433333333333, 0.00816233333333333, 0.01179, 0.5793592, 0.1095084, 0.0828654
phils7, 0.0313526666666667, 0.00656866666666667, 0.012336, 0.015002, 0.0162463333333333, 0.020563, 0.8385194, 0.1583568, 0.1135372
phils8, 0.0214793333333333, 0.003393, 0.00606633333333333, 0.007686, 0.00870566666666667, 0.011617, 0.5967498, 0.1083638, 0.084022
plc1, 36.773733, 11.371337, 43.0411296666667, 72.5306706666667, 88.579996, 110.948274, 12.203659, 2.6815346, 2.1297062
plc2, 239.051853333333, 35.466073, 135.546862, 200.659524666667, 241.883583333333, 312.854186666667, 81.0355714, 13.393291, 8.923928
plc3, 391.084291333333, 53.613141, 207.726387, 300.359195666667, 359.289466666667, 459.888710666667, 131.9473682, 21.3182136, 14.1220456
plc4, 626.089074, -, 320.135453, 447.925686333333, 520.698872333333, 656.598168, 208.6223192, 33.7023688, 22.0817038
pouring1, 0.186112666666667, 0.0323473333333333, 0.0489603333333333, 0.0456236666666667, 0.0481286666666667, 0.0590853333333333, 0.5314072, 0.0835722, 0.0744342
pouring2, 0.0102913333333333, 0.00223533333333333, 0.00373033333333333, 0.00405133333333333, 0.00421233333333333, 0.007034, 0.9361394, 0.163038, 0.1074602
productioncell1, 3.061713, 0.708201, 1.172597, 1.05531, 1.05632433333333, 1.18409966666667, 0.512829, 0.1018764, 0.070027
productioncell2, 2.59959566666667, 0.81399, 1.62297333333333, 1.97852566666667, 2.15873533333333, 2.60694, 0.4343322, 0.1080732, 0.085261
productioncell3, 29.1476053333333, 4.39052966666667, 9.59067033333333, 5.391982, 3.98410666666667, 3.336801, 7.4717564, 1.11607, 0.656457
productioncell4, 17.4343136666667, 3.245073, 6.69947633333333, 4.48396533333333, 4.06599166666667, 4.154824, 4.6409806, 0.6261884, 0.3840046
productioncell5, 109.675299, 11.9937316666667, 28.582553, 14.8956133333333, 10.355539, 7.82360066666667, 28.6025196, 4.289193, 2.5216746
productioncell6, -, -, 78.7892356666667, 38.8405876666667, 25.3250546666667, 17.569175, 100.6260954, 14.9492824, 8.8003788
protocols1, 0.001609, 0.000667, 0.00111733333333333, 0.00207766666666667, 0.00265066666666667, 0.00538033333333333, 0.6442262, 0.20056, 0.1930114
protocols2, 0.377446, 0.0948396666666667, 0.168626333333333, 0.185494, 0.200603666666667, 0.231354666666667, 0.632476, 0.1794304, 0.1559276
protocols3, 0.140316, 0.0512036666666667, 0.100893666666667, 0.131986666666667, 0.148425, 0.180775, 0.4865722, 0.1407512, 0.1160292
protocols4, 1.626572, 0.41912, 0.750597, 0.743811, 0.776326, 0.874254333333333, 0.4653546, 0.1301988, 0.1150626
protocols5, 2.560175, 0.67196, 1.19876833333333, 1.10176733333333, 1.23013866666667, 1.27708333333333, 0.5671168, 0.15498, 0.12186
publicsubscribe1, 0.0143833333333333, 0.003471, 0.00785666666666667, 0.00995266666666667, 0.0108863333333333, 0.0139233333333333, 0.213524, 0.0464812, 0.0402944
publicsubscribe2, 0.040324, 0.00702666666666667, 0.014467, 0.019741, 0.0195623333333333, 0.0234156666666667, 27.5619754, 4.1095488, 2.414652
publicsubscribe3, 0.040304, 0.00760333333333333, 0.0153353333333333, 0.0186986666666667, 0.0191543333333333, 0.023294, 27.5621686, 4.1526748, 2.4457274
publicsubscribe4, 0.0407923333333333, 0.007539, 0.0159076666666667, 0.0177973333333333, 0.0200993333333333, 0.0264436666666667, 27.953229, 4.0460482, 2.3899664
publicsubscribe5, 0.0740483333333333, 0.0113773333333333, 0.027328, 0.0301346666666667, 0.0335336666666667, 0.0374713333333333, -, -, -
readerwriter1, 0.0135376666666667, 0.00384933333333333, 0.00714833333333333, 0.00965366666666667, 0.0107043333333333, 0.0139216666666667, 0.4488248, 0.0945472, 0.0771036
readerwriter2, 0.01843, 0.00420533333333333, 0.00914766666666667, 0.010583, 0.0116973333333333, 0.0161843333333333, 0.3798508, 0.0746216, 0.0563942
readerwriter3, 0.0361136666666667, 0.00658033333333333, 0.014325, 0.0175796666666667, 0.0192763333333333, 0.0231306666666667, 0.3456962, 0.0581192, 0.0448564
resistance1, 30.141224, 10.6125203333333, 45.319536, 46.0153793333333, 55.404354, 75.3065733333333, 4.3061852, 2.0909808, 2.3839114
resistance2, 15.802583, 8.349148, 27.738052, 45.4197193333333, 55.755891, 78.1876656666667, 3.9201474, 1.7332998, 1.918104
rether1, 1.221388, 0.327552, 0.608496333333333, 0.739891333333333, 0.794436, 0.915030666666667, 0.341451, 0.0807036, 0.0714262
rether2, 3.14341266666667, 0.811398666666667, 1.47370133333333, 1.59948466666667, 1.68278666666667, 1.94832566666667, 0.6188524, 0.1237252, 0.0898758
rether3, 56.9471603333333, 7.40031533333333, 17.102334, 12.3107786666667, 11.1977886666667, 11.4791776666667, 18.395975, 2.6794974, 1.5446166
rether4, 212.642270666667, 21.6927193333333, 46.436447, 25.7852403333333, 19.8938136666667, 17.943395, 66.0293064, 9.4487454, 5.3154064
rether5, 573.245545, 48.487604, 102.518936333333, 52.919103, 38.4873363333333, 32.854758, 153.2861246, 21.9170924, 12.3325678
rether6, -, -, 188.539594333333, 86.6610336666667, 58.909134, 46.1981866666667, 306.93837, 43.8141554, 24.4206742
rether7, -, -, 162.501154, 77.3075113333333, 53.9705276666667, 44.1744096666667, 256.762586, 36.8503616, 20.5736286
rushhour1, 0.944969, 0.351724333333333, 0.686962333333333, 0.919331333333333, 0.995112333333333, 1.13755366666667, 0.2240348, 0.0655262, 0.0689366
rushhour2, 1.87846333333333, 0.492456333333333, 0.882032666666667, 1.022112, 1.090922, 1.25652166666667, 0.2808294, 0.0696516, 0.062853
rushhour3, 104.150939666667, 10.6406596666667, 21.2396323333333, 11.3151516666667, 7.87858666666667, 6.148306, 23.7195362, 3.3140102, 1.8330038
scheduleworld1, 2.30131466666667, 0.453659666666667, 0.669785666666667, 0.491764, 0.443303666666667, 0.455982, 0.2630714, 0.0455886, 0.0299632
scheduleworld2, 17.1440903333333, 2.912681, 5.850275, 3.240295, 2.36287533333333, 1.80932833333333, 4.0887696, 0.5116126, 0.3065572
scheduleworld3, -, -, 80.6680646666667, 40.5195433333333, 26.2192133333333, 18.151553, 79.5188666, 11.9389904, 7.0638252
sokoban1, 20.346032, 3.20045666666667, 5.77321566666667, 4.53481533333333, 4.272108, 4.58865933333333, 4.0368594, 0.646016, 0.4587852
sorter1, 1.77592633333333, 0.504028, 0.993663666666667, 1.25078566666667, 1.36765733333333, 1.61525, 0.4073236, 0.1060708, 0.0922074
sorter2, 1.20422333333333, 0.338687, 0.654919333333333, 0.814702666666667, 0.880205, 1.01557333333333, 0.3416014, 0.0914232, 0.0820148
sorter3, 32.0553266666667, 4.88637366666667, 10.7383703333333, 7.032882, 5.973208, 5.83891566666667, 9.0019786, 1.3613286, 0.8432494
sorter4, -, -, 75.4420053333333, 51.4296913333333, 45.7169806666667, 48.1720643333333, 73.7991202, 11.2272036, 6.7161746
sorter5, 13.291676, 2.68747466666667, 5.35096666666667, 4.085472, 3.905348, 4.015613, 3.558554, 0.5247954, 0.3380742
synapse1, 7.072648, 1.503298, 2.61273933333333, 2.16467433333333, 2.04914366666667, 2.22427633333333, 1.393661, 0.218869, 0.1470254
synapse2, 7.10782766666667, 1.44761266666667, 2.38489133333333, 1.80945, 1.614327, 1.64418333333333, 1.4104974, 0.2165572, 0.1383122
synapse3, 20.985223, 3.205038, 5.898763, 3.75028033333333, 3.058622, 2.64235766666667, 5.5856416, 0.774602, 0.4476034
synapse4, 76.5723853333333, 8.271161, 16.571803, 9.176302, 6.67726866666667, 5.162757, 21.39188, 3.0628334, 1.7291004
synapse5, 12.2252816666667, 2.47077766666667, 4.83107766666667, 4.174725, 3.92689166666667, 4.25005733333333, 2.817939, 0.4299918, 0.2830314
synapse6, 34.6930643333333, 4.94327433333333, 10.455283, 6.814226, 5.72158433333333, 5.434141, 8.5915454, 1.2748468, 0.7632806
synapse7, 166.854960666667, 17.0247143333333, 37.908278, 20.344299, 14.8369856666667, 11.8853383333333, 41.6883096, 6.0986376, 3.5355272
szymanski1, 0.0158406666666667, 0.002594, 0.00526266666666667, 0.00681066666666667, 0.00681133333333333, 0.0101863333333333, 0.4417802, 0.0850452, 0.0555998
szymanski2, 0.0162896666666667, 0.00272566666666667, 0.005297, 0.00635766666666667, 0.00703466666666667, 0.00937933333333334, 0.476232, 0.0905932, 0.0676424
szymanski3, 0.0296613333333333, 0.00410566666666667, 0.00920433333333333, 0.009883, 0.0101766666666667, 0.011285, 2.7309322, 0.410808, 0.2545322
szymanski4, 0.0336016666666667, 0.00441966666666667, 0.00847366666666667, 0.010628, 0.009283, 0.0129493333333333, 5.029539, 0.7613328, 0.4602494
szymanski5, 0.0584863333333333, 0.007414, 0.0156333333333333, 0.0154826666666667, 0.0146353333333333, 0.018253, 44.198144, 6.6077314, 3.8570492
telephony1, 0.439375, 0.098141, 0.186101666666667, 0.223397666666667, 0.243471666666667, 0.295879, 0.1560522, 0.0420472, 0.0364832
telephony2, 2.92001933333333, 0.590308, 0.913190666666667, 0.714988666666667, 0.667223333333333, 0.697575666666667, 0.5586296, 0.1049328, 0.0732804
telephony3, 12.9707823333333, 2.46059966666667, 4.434173, 2.767337, 2.32429933333333, 2.12175533333333, 3.090198, 0.4236418, 0.2668524
telephony4, 66.64117, 8.145988, 16.9673876666667, 8.804615, 6.354054, 4.99175833333333, 15.7089398, 2.353885, 1.3586968
telephony5, -, -, -, 155.923050666667, 94.221005, 63.5035613333333, 808.5991368, 122.3529974, 71.564548
telephony6, -, -, -, 221.591551333333, 135.522989, 91.2448576666667, 1222.5470028, 184.656264, 104.584199
